Latitude (deg),Sea Floor (m),Sea Floor + Refraction (m),Mean Sea Level (m),Sea Floor Depth (m),Sea Floor + Refraction Depth (m),Refraction Depth % Decrease
-72.98949689,221.1995087,221.29686,221.5826,0.383091333,0.285739984,-25.41204677
-72.98950315,221.2886353,221.3633354,221.5826,0.293964746,0.219264575,-25.41126865
-72.98952823,221.1947174,221.2932864,221.5826,0.387882593,0.289313564,-25.41207849
-72.98952823,221.2030334,221.299489,221.5826,0.379566553,0.283111013,-25.41202296
-72.9895345,221.2424469,221.3288857,221.5826,0.340153101,0.253714337,-25.41172282
-72.98953452,220.8943329,221.0692435,221.5826,0.688267114,0.513356521,-25.41318476
-72.98953453,220.8111877,221.0072294,221.5826,0.771412256,0.575370646,-25.41333872
-72.98954705,221.1655579,221.2715377,221.5826,0.417042139,0.311062324,-25.41225573
-72.98954703,221.4318237,221.4701331,221.5826,0.15077627,0.112466896,-25.40809241
-72.98955333,220.98172,221.1344215,221.5826,0.600880029,0.448178526,-25.41297702
-72.98955333,220.8808441,221.0591828,221.5826,0.701755884,0.523417172,-25.41321223
-72.98955332,221.1163635,221.2348459,221.5826,0.466236475,0.34775411,-25.41250449
-72.98955963,220.3955688,220.6972384,221.5826,1.187031152,0.885361607,-25.413785
-72.98955962,220.716568,220.9366568,221.5826,0.866032007,0.645943153,-25.41347799
-72.9895596,220.977478,221.1312576,221.5826,0.605121973,0.451342395,-25.41298849
-72.98956594,219.7512665,220.216683,221.5826,1.831333521,1.36591702,-25.4140764
-72.98956589,220.600235,220.8498894,221.5826,0.982365015,0.732710577,-25.41361244
-72.98956588,220.8445129,221.0320851,221.5826,0.738087061,0.55051492,-25.4132812
-72.98956588,220.8085938,221.0052946,221.5826,0.77400625,0.577305387,-25.41334301
-72.98957216,220.750885,220.9622523,221.5826,0.83171499,0.620347674,-25.41343116
-72.98957215,220.9632416,221.1206393,221.5826,0.619358423,0.461960707,-25.41302585
-72.98957214,221.0982513,221.2213368,221.5826,0.484348657,0.361263151,-25.41258336
-72.98957841,221.1358795,221.249402,221.5826,0.446720483,0.333198032,-25.41241238
-72.98957847,220.0537872,220.4423193,221.5826,1.528812769,1.140280748,-25.41397018
-72.9895847,220.8312378,221.0221838,221.5826,0.751362207,0.56041624,-25.41330474
-72.98958475,219.9452972,220.3614016,221.5826,1.637302759,1.221198426,-25.41401279
-72.98958467,221.3133698,221.3817837,221.5826,0.269230249,0.200816254,-25.41096143
-72.98958472,220.4316559,220.724154,221.5826,1.150944116,0.858445952,-25.41375904
-72.98959098,220.6987152,220.9233413,221.5826,0.88388479,0.659258721,-25.41350094
-72.98959096,221.0658722,221.1971867,221.5826,0.516727808,0.385413265,-25.41271057
-72.989591,220.4033203,220.7030199,221.5826,1.179279688,0.879580147,-25.41377957
-72.98959721,221.4085541,221.4527773,221.5826,0.174045923,0.129822657,-25.40896427
-72.98959727,220.346817,220.6608767,221.5826,1.235782983,0.921723349,-25.41381769
-72.98959721,221.417511,221.4594579,221.5826,0.165089014,0.123142111,-25.40865778
-72.98960356,220.1657715,220.5258431,221.5826,1.416828516,1.056756859,-25.41391936
-72.98960353,220.7012787,220.9252533,221.5826,0.881321313,0.657346742,-25.41349771
-72.98960353,220.6169434,220.8623514,221.5826,0.965656641,0.720248572,-25.41359514
-72.9896098,220.8152618,221.010268,221.5826,0.767338159,0.572331965,-25.413332
-72.9896098,220.7936401,220.9941414,221.5826,0.788959863,0.588458597,-25.41336712
-72.98960982,220.3245544,220.644272,221.5826,1.258045557,0.938327975,-25.41383178
-72.98960984,220.0445404,220.4354225,221.5826,1.538059595,1.147177528,-25.41397406
-72.98960978,221.0317383,221.1717278,221.5826,0.550861719,0.410872175,-25.41282848
-72.9896098,220.7866974,220.9889631,221.5826,0.795902612,0.593636873,-25.41337799
-72.98961606,221.0975494,221.2208133,221.5826,0.485050562,0.361786669,-25.41258632
-72.98961609,220.506485,220.7799656,221.5826,1.076115015,0.802634377,-25.41369966
-72.9896161,220.3613281,220.6716998,221.5826,1.221271875,0.910900182,-25.41380825
-72.98961604,221.3859406,221.435911,221.5826,0.196659448,0.146689042,-25.40961385
-72.98961611,220.1586609,220.5205397,221.5826,1.423939111,1.062060324,-25.41392283
-72.98961609,220.4689178,220.751946,221.5826,1.113682153,0.830653972,-25.41373048
-72.98962237,220.4351501,220.7267603,221.5826,1.147449854,0.855839742,-25.41375646
-72.98962238,220.1966553,220.5488779,221.5826,1.385944727,1.033722066,-25.41390391
-72.98962236,220.6404877,220.879912,221.5826,0.942112329,0.702687956,-25.41356971
-72.98962862,220.8235931,221.016482,221.5826,0.75900686,0.566118034,-25.41331795
-72.98963493,220.2323914,220.5755318,221.5826,1.350208643,1.007068169,-25.41388514
-72.98963494,219.9967651,220.3997891,221.5826,1.585834863,1.182810897,-25.41399333
-72.9896349,220.7923126,220.9931513,221.5826,0.790287378,0.589448729,-25.41336923
-72.98964118,220.7659912,220.9735193,221.5826,0.816608789,0.609080655,-25.41340933
-72.98964747,220.5085754,220.7815248,221.5826,1.074024561,0.801075203,-25.4136979
-72.98964749,220.0793457,220.4613821,221.5826,1.503254297,1.121217862,-25.41395928
-72.98964744,221.0554657,221.189425,221.5826,0.527134302,0.393174989,-25.41274817
-72.98964748,220.2724457,220.6054065,221.5826,1.310154321,0.977193498,-25.41386289
-72.9896475,219.9020081,220.3291142,221.5826,1.680591943,1.253485831,-25.4140283
-72.98965374,220.6538544,220.8898816,221.5826,0.92874563,0.692718351,-25.41355471
-72.98965379,219.7776337,220.236349,221.5826,1.804966333,1.346250951,-25.41406862
-72.98965375,220.4193268,220.7149583,221.5826,1.163273218,0.867641659,-25.41376814
-72.98966631,220.3612671,220.6716543,221.5826,1.22133291,0.910945705,-25.41380832
-72.98967261,220.0095367,220.4093149,221.5826,1.573063257,1.173285144,-25.41398832
-72.98968515,220.2527161,220.5906911,221.5826,1.329883936,0.991908907,-25.41387404
-72.98968518,219.8028412,220.2551502,221.5826,1.779758813,1.327449824,-25.41406092
-72.9896852,219.4846802,220.0178486,221.5826,2.097919824,1.564751444,-25.4141447
-72.98969146,219.7837524,220.2409128,221.5826,1.798847559,1.341687239,-25.41406679
-72.98969775,219.5726166,220.0834363,221.5826,2.009983423,1.499163739,-25.4141242
-72.98970401,220.0732269,220.4568184,221.5826,1.509373071,1.125781573,-25.41396197
-72.98971029,220.0674286,220.4524937,221.5826,1.515171411,1.130106287,-25.41396447
-72.9897166,219.4858398,220.0187135,221.5826,2.096760156,1.563886501,-25.41414446
-72.98971657,219.96315,220.3747171,221.5826,1.619449976,1.207882858,-25.41400625
-72.98972288,219.4784393,220.0131938,221.5826,2.104160669,1.569406202,-25.41414611
-72.98972285,220.0042877,220.4053999,221.5826,1.57831228,1.177200148,-25.41399043
-72.98972288,219.5441895,220.0622338,221.5826,2.038410547,1.520366219,-25.41413104
-72.98972914,219.7977295,220.2513376,221.5826,1.784870508,1.331262401,-25.41406253
-72.98974171,219.8355713,220.279562,221.5826,1.747028711,1.30303795,-25.4140506
-72.98976057,219.7057343,220.1827226,221.5826,1.876865747,1.399877405,-25.41408955
-72.98976685,219.6956482,220.1751999,221.5826,1.886951807,1.407400132,-25.41409235
-72.98976686,219.4938507,220.0246884,221.5826,2.088749292,1.557911566,-25.41414269
-72.98976686,219.4958649,220.0261907,221.5826,2.086735132,1.556409297,-25.41414224
-72.98977314,219.6474152,220.1392251,221.5826,1.935184839,1.443374925,-25.41410534
-72.98979201,219.4650269,220.0031901,221.5826,2.117573145,1.579409948,-25.41414911
-72.98979202,219.2268524,219.8255467,221.5826,2.355747583,1.757053274,-25.41419606
-72.98979201,219.3687439,219.931377,221.5826,2.213856104,1.651222965,-25.41416931
-72.98981088,219.1850586,219.7943746,221.5826,2.397541406,1.788225358,-25.41420334
-72.98981089,219.0483551,219.6924138,221.5826,2.534244897,1.890186185,-25.41422546
-72.98981089,219.1148529,219.7420115,221.5826,2.467747095,1.840588542,-25.41421501
-72.98982975,219.2025757,219.8074398,221.5826,2.380024316,1.775160169,-25.41420034
-72.98983601,219.7286987,220.1998507,221.5826,1.85390127,1.38274926,-25.41408311
-72.98984232,219.2228546,219.822565,221.5826,2.359745386,1.76003505,-25.41419679
-72.98984862,219.11763,219.7440828,221.5826,2.464969995,1.838517231,-25.41421458
-72.98984862,219.1425781,219.7626904,221.5826,2.440021875,1.819909579,-25.41421051
-72.98984861,219.3814392,219.9408459,221.5826,2.201160791,1.641754116,-25.41416678
-72.98986119,219.2485504,219.8417303,221.5826,2.334049585,1.740869737,-25.41419222
-72.98986748,219.2349396,219.8315786,221.5826,2.347660425,1.751021434,-25.41419466
-72.98986749,219.169632,219.7828686,221.5826,2.412968042,1.799731373,-25.414206
-72.98987376,219.513504,220.0393469,221.5826,2.069095972,1.54325306,-25.41413829
-72.98987377,219.2897491,219.8724585,221.5826,2.292850854,1.710141504,-25.41418466
-72.98988637,219.141571,219.7619393,221.5826,2.441028955,1.820660713,-25.4142107
-72.98989895,219.2073822,219.8110248,221.5826,2.375217798,1.771575207,-25.41419954
-72.98990525,219.0142822,219.6670004,221.5826,2.568317773,1.91559957,-25.41423067
-72.98990524,219.1438904,219.7636692,221.5826,2.438709619,1.818930827,-25.41421032
-72.98993658,219.0065002,219.6611962,221.5826,2.576099756,1.921403791,-25.41423185
-72.9899555,218.9627075,219.6285332,221.5826,2.61989248,1.954066764,-25.41423823
-72.98996179,219.224762,219.8239876,221.5826,2.357838037,1.758612445,-25.41419653
-72.98996811,219.0596313,219.7008242,221.5826,2.522968652,1.881775752,-25.41422382
-72.98997441,219.2950897,219.8764418,221.5826,2.287510278,1.706158214,-25.41418371
-72.9899744,219.4076691,219.9604095,221.5826,2.174930933,1.622190474,-25.41416146
-72.98997443,218.9244995,219.6000356,221.5826,2.658100488,1.982564354,-25.41424364
-72.98997441,219.226181,219.825046,221.5826,2.35641897,1.757554028,-25.41419628
-72.98998072,219.1880493,219.7966053,221.5826,2.394550684,1.785994714,-25.41420293
-72.98998703,219.2258911,219.8248297,221.5826,2.356708887,1.757770263,-25.41419634
-72.98999334,219.1725616,219.7850537,221.5826,2.410038354,1.797546253,-25.41420557
-72.98999966,218.9255066,219.6007868,221.5826,2.657093408,1.981813219,-25.41424351
-72.9900249,219.0554352,219.6976945,221.5826,2.527164819,1.884905479,-25.41422449
-72.99004384,218.9152374,219.5931275,221.5826,2.667362573,1.989472515,-25.41424495
-72.99006276,219.2119904,219.8144618,221.5826,2.370609644,1.768138196,-25.41419881
-72.9900754,218.9764557,219.6387874,221.5826,2.606144312,1.943812638,-25.4142363
-72.99008802,219.1751404,219.7869771,221.5826,2.407459619,1.795622892,-25.41420517
-72.99008805,218.6762543,219.414881,221.5826,2.906345728,2.167719024,-25.41427527
-72.99008802,219.1174774,219.743969,221.5826,2.465122583,1.838631037,-25.41421473
-72.99009433,219.238678,219.8343669,221.5826,2.343922021,1.748233129,-25.4141941
-72.9901133,218.8094788,219.514247,221.5826,2.77312124,2.068353025,-25.41425903
-72.99011329,219.0166168,219.6687417,221.5826,2.565983179,1.913858301,-25.41423041
-72.99011961,218.8024139,219.5089777,221.5826,2.78018606,2.073622348,-25.41425994
-72.99013857,218.6362762,219.3850632,221.5826,2.946323755,2.19753679,-25.41427988
-72.99014489,218.5410004,219.3140013,221.5826,3.041599634,2.268598672,-25.41429034
-72.9901638,219.2072754,219.8109451,221.5826,2.375324609,1.77165487,-25.41419967
-72.99016383,218.7257233,219.4517776,221.5826,2.856876733,2.130822383,-25.41426944
-72.99016384,218.5375366,219.3114179,221.5826,3.045063379,2.27118212,-25.41429071
-72.99017015,218.6735382,219.4128552,221.5826,2.909061792,2.16974481,-25.41427561
-72.99017645,218.9405518,219.6120083,221.5826,2.642048242,1.970591722,-25.41424146
-72.9901828,218.4496307,219.2458529,221.5826,3.132969263,2.336747063,-25.41429977
-72.99018281,218.3404388,219.1644117,221.5826,3.242161157,2.418188259,-25.41431034
-72.99018908,219.0973206,219.7289349,221.5826,2.485279443,1.853665108,-25.41421799
-72.99019543,218.6199188,219.372863,221.5826,2.962681177,2.209737036,-25.41428174
-72.9902207,218.5549927,219.3244375,221.5826,3.027607324,2.258162453,-25.41428886
-72.99022703,218.3403931,219.1643776,221.5826,3.242206934,2.418222401,-25.41431035
-72.99025231,218.295929,219.1312139,221.5826,3.286671045,2.45138613,-25.41431446
-72.99025864,218.2751923,219.1157473,221.5826,3.307407739,2.466852674,-25.41431634
-72.99031551,218.435257,219.2351322,221.5826,3.147343042,2.347467801,-25.41430123
-72.99033448,218.3712463,219.1873896,221.5826,3.211353662,2.395210369,-25.41430746
-72.99037872,218.4710541,219.2618316,221.5826,3.111545923,2.320768381,-25.41429763
-72.99039769,218.4899292,219.2759097,221.5826,3.092670801,2.306690298,-25.41429571
-72.99041034,218.3587036,219.1780346,221.5826,3.223896387,2.404565409,-25.41430865
-72.99042298,218.3512878,219.1725035,221.5826,3.231312158,2.41009649,-25.41430935
-72.9904293,218.4655304,219.2577118,221.5826,3.117069604,2.32488824,-25.41429819
-72.99043563,218.2498322,219.0968324,221.5826,3.332767847,2.485767608,-25.41431861
-72.99044195,218.3611145,219.1798328,221.5826,3.221485498,2.402767238,-25.41430842
-72.99044194,218.3808441,219.1945482,221.5826,3.201755884,2.388051829,-25.41430654
-72.99044827,218.3470154,219.1693169,221.5826,3.235584619,2.413283122,-25.41430975
-72.99044827,218.3109436,219.1424126,221.5826,3.271656396,2.440187396,-25.4143131
-72.99047355,218.4126129,219.2182431,221.5826,3.169987085,2.364356948,-25.41430346
-72.99047356,218.3612823,219.179958,221.5826,3.221317651,2.402642049,-25.4143084
-72.99047988,218.3356323,219.1608268,221.5826,3.246967676,2.421773219,-25.41431081
-72.99047988,218.4015961,219.2100261,221.5826,3.181003931,2.372573905,-25.41430453
-72.9904862,218.4433289,219.2411527,221.5826,3.139271143,2.341447343,-25.41430042
-72.99052413,218.4007721,219.2094115,221.5826,3.181827905,2.373188469,-25.4143046
-72.99053045,218.4841461,219.2715964,221.5826,3.098453882,2.311003632,-25.41429629
-72.99054308,218.5931854,219.3529238,221.5826,2.989414575,2.229676244,-25.41428471
-72.9905494,218.6039276,219.3609359,221.5826,2.978672388,2.221664142,-25.41428352
-72.99058101,218.565506,219.3322789,221.5826,3.017094019,2.250321064,-25.41428772
-72.99060629,218.6369324,219.3855526,221.5826,2.945667627,2.197047414,-25.41427981
-72.9906379,218.4157715,219.2205989,221.5826,3.166828516,2.362001117,-25.41430312
-72.99064422,218.4364319,219.2360085,221.5826,3.146168115,2.346591478,-25.41430108
-72.99065052,218.8299866,219.5295428,221.5826,2.752613428,2.053057194,-25.4142564
-72.99065052,218.7753296,219.4887767,221.5826,2.80727041,2.093823315,-25.41426335
-72.99066318,218.4941864,219.279085,221.5826,3.088413599,2.303515049,-25.41429522
-72.99066317,218.5935211,219.3531741,221.5826,2.989078882,2.229425867,-25.41428465
-72.99067581,218.5790558,219.3423851,221.5826,3.003544214,2.240214891,-25.41428622
-72.99069475,218.8184814,219.5209617,221.5826,2.764118555,2.061638338,-25.41425786
-72.99070107,218.8126831,219.5166369,221.5826,2.769916895,2.065963052,-25.4142586
-72.99070106,219.0606689,219.7015981,221.5826,2.521931055,1.881001855,-25.41422369
-72.99070739,218.9031219,219.5840911,221.5826,2.679478052,1.998508892,-25.41424661
-72.99070738,218.9822083,219.6430779,221.5826,2.600391748,1.939522067,-25.41423545
-72.99072634,218.8459167,219.5414244,221.5826,2.736683252,2.041175612,-25.41425427
-72.99072634,218.954071,219.6220917,221.5826,2.628528955,1.960508311,-25.41423949
-72.99074528,219.1977844,219.8038663,221.5826,2.384815576,1.778733746,-25.41420125
-72.9907453,218.7745972,219.4882304,221.5826,2.808002832,2.094369596,-25.41426338
-72.9907453,218.8192139,219.5215079,221.5826,2.763386133,2.061092059,-25.41425773
-72.99075159,219.2454987,219.8394541,221.5826,2.337101343,1.743145901,-25.41419283
-72.99075791,219.177475,219.7887184,221.5826,2.405125024,1.793881627,-25.41420472
-72.99077054,219.1875,219.7961956,221.5826,2.3951,1.786404424,-25.41420301
-72.99077686,219.1228027,219.7479409,221.5826,2.459797266,1.83465913,-25.4142138
-72.99078318,219.083847,219.7188856,221.5826,2.498752954,1.86371438,-25.41422003
-72.99078318,219.0130005,219.6660444,221.5826,2.569599512,1.916555559,-25.41423087
-72.99078317,219.2808838,219.8658462,221.5826,2.301716211,1.716753764,-25.41418634
-72.99080842,219.2916718,219.8738925,221.5826,2.290928247,1.70870752,-25.41418432
-72.99080842,219.2939453,219.8755882,221.5826,2.288654688,1.707011777,-25.41418389
-72.99082106,219.2428589,219.8374852,221.5826,2.339741113,1.745114785,-25.41419326
-72.99085894,219.0866547,219.7209797,221.5826,2.495945337,1.86162031,-25.41421953
-72.99086525,219.2668457,219.8553759,221.5826,2.315754297,1.727224126,-25.41418887
-72.99087157,219.1168976,219.7435365,221.5826,2.465702417,1.839063511,-25.41421469
-72.99087155,219.3926392,219.9491994,221.5826,2.18996084,1.63340059,-25.41416448
-72.99089049,219.2370605,219.8331605,221.5826,2.345539453,1.7494395,-25.41419424
-72.99089681,219.1744537,219.786465,221.5826,2.408146265,1.796135033,-25.41420514
-72.99090313,219.0418701,219.687577,221.5826,2.540729883,1.895023037,-25.41422644
-72.99090943,219.0769501,219.7137415,221.5826,2.505649927,1.868858517,-25.41422101
-72.99092205,219.2161713,219.8175801,221.5826,2.366428735,1.765019853,-25.41419792
-72.99092205,219.134201,219.7564423,221.5826,2.44839895,1.826157655,-25.41421183
-72.99097251,219.1152344,219.742296,221.5826,2.467365625,1.840304023,-25.41421487
-72.99097251,219.1620941,219.7772465,221.5826,2.420505884,1.805353504,-25.41420716
-72.99099142,219.260025,219.8502886,221.5826,2.322574976,1.732311358,-25.41419002
-72.99099774,219.1608276,219.7763019,221.5826,2.421772363,1.806298113,-25.41420735
-72.99099773,219.2628479,219.8523941,221.5826,2.3197521,1.730205905,-25.41418949
-72.99106077,219.0541382,219.6967271,221.5826,2.528461816,1.885872856,-25.41422443
-72.99107337,219.121582,219.7470304,221.5826,2.461017969,1.835569601,-25.41421376
-72.99113006,219.0666504,219.7060594,221.5826,2.515949609,1.876540579,-25.41422244
-72.99113636,218.9727936,219.636056,221.5826,2.609806421,1.946544045,-25.41423648
-72.99114895,219.0092316,219.6632334,221.5826,2.573368433,1.919366631,-25.41423114
-72.99119306,219.0079346,219.662266,221.5826,2.57466543,1.920334002,-25.41423129
-72.99119935,219.0528107,219.695737,221.5826,2.529789331,1.886862991,-25.41422451
-72.99120563,219.0998535,219.7308241,221.5826,2.482746484,1.851775902,-25.41421714
-72.99124335,219.1141205,219.7414652,221.5826,2.468479517,1.84113483,-25.41421481
-72.99124964,218.963562,219.6291706,221.5826,2.619037988,1.953429448,-25.4142377
-72.99128732,219.3881836,219.9458762,221.5826,2.194416406,1.636723799,-25.41416502
-72.99129361,219.2531891,219.84519,221.5826,2.329410913,1.737409975,-25.41419098
-72.9912999,218.9657135,219.6307752,221.5826,2.616886499,1.951824753,-25.41423734
-72.99131873,219.1685181,219.7820378,221.5826,2.414081934,1.800562184,-25.41420576
-72.99134384,219.2037964,219.8083503,221.5826,2.378803613,1.774249713,-25.41419969
-72.99134384,219.2085724,219.8119125,221.5826,2.374027612,1.770687514,-25.41419886
-72.99135011,219.3325806,219.9044045,221.5826,2.250019434,1.678195534,-25.41417603
-72.99135639,219.351059,219.9181866,221.5826,2.23154104,1.664413353,-25.4141724
-72.99136894,219.3897705,219.9470598,221.5826,2.192829492,1.635540195,-25.41416462
-72.99137523,219.1143494,219.7416359,221.5826,2.468250635,1.840964121,-25.41421464
-72.99138149,219.3883514,219.9460014,221.5826,2.19424856,1.636598612,-25.4141649
-72.99138777,219.2085876,219.8119239,221.5826,2.374012354,1.770676134,-25.41419882
-72.99140031,219.3975983,219.9528982,221.5826,2.185001733,1.629701832,-25.41416298
-72.99141286,219.3533783,219.9199165,221.5826,2.229221704,1.662683468,-25.4141719
-72.99141285,219.4837646,220.0171657,221.5826,2.098835352,1.565434303,-25.4141445
-72.99141914,219.2824249,219.8669957,221.5826,2.300175073,1.715604313,-25.4141855
-72.99143168,219.2910461,219.8734259,221.5826,2.291553857,1.709174146,-25.41418388
-72.9914693,219.2274475,219.8259906,221.5826,2.35515249,1.756609434,-25.41419543
-72.99146929,219.3856506,219.943987,221.5826,2.196949365,1.63861302,-25.41416537
-72.99147555,219.4651794,220.0033038,221.5826,2.117420557,1.579296151,-25.41414856
-72.9914881,219.2453461,219.8393403,221.5826,2.337253931,1.743259724,-25.41419222
-72.9914881,219.2188416,219.8195718,221.5826,2.363758447,1.76302822,-25.41419694
-72.99150687,219.7149658,220.189608,221.5826,1.86763418,1.392992015,-25.41408643
-72.99151939,219.8875732,220.3183479,221.5826,1.695026758,1.264252101,-25.41403281
-72.99154444,219.9688721,220.3789849,221.5826,1.61372793,1.203615056,-25.41400357
-72.99156949,219.8606415,220.2982607,221.5826,1.721958521,1.284339262,-25.41404184
-72.99158201,219.9430389,220.3597172,221.5826,1.63956106,1.222882797,-25.41401314
-72.99159452,220.0880127,220.4678464,221.5826,1.494587305,1.11475356,-25.41395496
-72.99160077,220.1282043,220.4978235,221.5826,1.454395654,1.084776462,-25.41393677
-72.99161329,220.210434,220.5591548,221.5826,1.37216604,1.023445186,-25.41389625
-72.9916133,219.9495087,220.3645427,221.5826,1.633091333,1.218057326,-25.41401073
-72.99161954,220.1760559,220.5335138,221.5826,1.406544092,1.049086189,-25.41391376
-72.99162581,219.9705963,220.380271,221.5826,1.612003687,1.202329024,-25.41400285
-72.99164457,220.2131653,220.561192,221.5826,1.369434717,1.021408019,-25.4138948
-72.99168834,220.1613922,220.5225768,221.5826,1.421207788,1.060023165,-25.41392091
-72.99170085,220.1911621,220.5447808,221.5826,1.391437891,1.037819172,-25.4139061
-72.99170709,220.3209076,220.641552,221.5826,1.261692407,0.941048,-25.41383343
-72.99171334,220.2789917,220.6102889,221.5826,1.303608301,0.972311132,-25.41385849
-72.99171959,220.3371582,220.6536726,221.5826,1.245441797,0.92892742,-25.41382326
-72.99172584,220.3488464,220.6623903,221.5826,1.233753564,0.920209706,-25.41381577
-72.99173209,220.2801819,220.6111766,221.5826,1.302418115,0.971423428,-25.41385778
-72.99175083,220.4072418,220.7059447,221.5826,1.175358179,0.876655282,-25.41377616
-72.99175709,220.2231598,220.5686464,221.5826,1.35944021,1.013953578,-25.41388942
-72.99176957,220.3584595,220.6695602,221.5826,1.224140527,0.913039786,-25.41380948
-72.99176958,220.3017578,220.6272691,221.5826,1.280842188,0.955330939,-25.41384503
-72.99176958,220.2214813,220.5673945,221.5826,1.361118677,1.015205469,-25.41389031
-72.99177583,220.2133026,220.5612944,221.5826,1.369297388,1.021305593,-25.41389461
-72.99178207,220.3051758,220.6298184,221.5826,1.277424219,0.952781634,-25.41384297
-72.99178206,220.5214386,220.7911188,221.5826,1.061161401,0.791481174,-25.41368611
-72.99178206,220.4640503,220.7483155,221.5826,1.118549707,0.834284464,-25.41373365
-72.99178831,220.302475,220.627804,221.5826,1.280125024,0.95479604,-25.41384459
-72.99179455,220.5054474,220.7791917,221.5826,1.077152612,0.80340828,-25.41369986
-72.99180077,220.869751,221.050909,221.5826,0.712849023,0.531691037,-25.41323338
-72.99180081,220.2845764,220.6144542,221.5826,1.298023584,0.96814575,-25.41385517
-72.99180081,220.2727051,220.6056,221.5826,1.309894922,0.977000034,-25.41386203
-72.9918008,220.4381866,220.729025,221.5826,1.144413354,0.853574966,-25.4137535
-72.99180704,220.4521179,220.7394157,221.5826,1.13048208,0.843184271,-25.4137429
-72.99180703,220.5751801,220.8312021,221.5826,1.007419946,0.751397901,-25.41363667
-72.99181328,220.5429535,220.8071658,221.5826,1.039646509,0.775434208,-25.41366691
-72.99181329,220.3882751,220.6917983,221.5826,1.194324854,0.890801651,-25.41378939
-72.9918195,220.950943,221.1114663,221.5826,0.631657007,0.471133657,-25.41305608
-72.99181949,221.1687012,221.2738821,221.5826,0.413898828,0.308717876,-25.41223717
-72.9918195,221.0350952,221.1742316,221.5826,0.547504785,0.408368397,-25.41281684
-72.99182575,220.8807068,221.0590804,221.5826,0.701893213,0.523519604,-25.41321183
-72.99182576,220.6900635,220.9168883,221.5826,0.892536523,0.665711656,-25.41351103
-72.991832,220.6352692,220.8760198,221.5826,0.947330835,0.706580205,-25.41357474
-72.99183201,220.482193,220.7618473,221.5826,1.100407007,0.820752661,-25.41371911
-72.99183826,220.4834137,220.7627578,221.5826,1.099186304,0.819842195,-25.41371812
-72.99183824,220.7206268,220.9396841,221.5826,0.861973169,0.642915859,-25.41347196
-72.99183822,221.0585175,221.1917012,221.5826,0.524082544,0.390898828,-25.41273657
-72.9918445,220.4920959,220.7692335,221.5826,1.090504053,0.813366504,-25.41371099
-72.9918507,221.0937653,221.2179909,221.5826,0.488834741,0.364609117,-25.41260128
-72.99185072,220.8991852,221.0728626,221.5826,0.683414819,0.509737423,-25.41317393
-72.99185695,221.0466003,221.1828127,221.5826,0.535999658,0.399787254,-25.41277826
-72.99185698,220.4967804,220.7727274,221.5826,1.085819604,0.809872591,-25.41370709
-72.99186322,220.4944763,220.7710089,221.5826,1.088123682,0.811591096,-25.413709
-72.99186943,220.9982147,221.1467241,221.5826,0.584385278,0.435875856,-25.41293013
-72.99186942,221.1688538,221.2739959,221.5826,0.41374624,0.308604068,-25.41223625
-72.99187568,220.8671112,221.0489401,221.5826,0.715488794,0.533659921,-25.4132384
-72.99187569,220.5813293,220.8357886,221.5826,1.001270654,0.746811429,-25.41363061
-72.99187566,221.1391602,221.2518488,221.5826,0.443439844,0.330751157,-25.41239537
-72.99187567,221.043045,221.180161,221.5826,0.539554956,0.402438986,-25.41279033
-72.9918819,221.1137238,221.232877,221.5826,0.468876245,0.349722996,-25.41251564
-72.99188817,220.5786591,220.8337969,221.5826,1.003940942,0.748803074,-25.41363322
-72.99188814,221.1335754,221.2476835,221.5826,0.449024561,0.33491654,-25.41242293
-72.99188817,220.6509094,220.8876851,221.5826,0.931690576,0.694914858,-25.41355727
-72.99188815,221.0546722,221.1888332,221.5826,0.527927759,0.393766796,-25.41275019
-72.99190061,221.3341217,221.3972617,221.5826,0.248478296,0.185338332,-25.41065569
-72.99190064,220.6734314,220.9044832,221.5826,0.909168604,0.678116758,-25.41353112
-72.99190689,220.5416565,220.8061984,221.5826,1.040943506,0.776401579,-25.41366802
-72.99190686,221.0804901,221.2080896,221.5826,0.502109888,0.374510437,-25.41265442
-72.99191312,220.644165,220.8826548,221.5826,0.938434961,0.699945184,-25.41356484
-72.99191311,220.9243011,221.0915954,221.5826,0.658298853,0.491004582,-25.413119
-72.99191312,220.6022339,220.8513803,221.5826,0.980366113,0.731219696,-25.41360965
-72.99191313,220.467041,220.7505462,221.5826,1.115558984,0.832053823,-25.41373119
-72.99191936,220.6640015,220.8974499,221.5826,0.918598535,0.685150109,-25.41354221
-72.99191934,221.0173798,221.1610185,221.5826,0.565220239,0.421581537,-25.41287304
-72.99191936,220.6798248,220.9092518,221.5826,0.902775171,0.673348191,-25.41352345
-72.99192556,221.2712708,221.350384,221.5826,0.311329248,0.232215958,-25.41145448
-72.99193182,220.9224701,221.0902297,221.5826,0.660129907,0.492370281,-25.41312313
-72.99193181,221.1211395,221.2384081,221.5826,0.461460474,0.344191914,-25.41248191
-72.99193181,221.1263123,221.2422662,221.5826,0.456287744,0.340333814,-25.41245776
-72.99193804,221.0898743,221.2150888,221.5826,0.492725732,0.367511229,-25.4126171
-72.99193806,220.7304382,220.947002,221.5826,0.852161768,0.635597988,-25.41345875
-72.99194428,221.1255341,221.2416858,221.5826,0.457065942,0.340914236,-25.41246142
-72.99194428,221.0815887,221.208909,221.5826,0.501011255,0.373691018,-25.4126501
-72.99194431,220.6179199,220.8630798,221.5826,0.964680078,0.719520206,-25.41359332
-72.99195053,220.798172,220.9975215,221.5826,0.784428003,0.585078498,-25.41335912
-72.99195676,221.0373535,221.175916,221.5826,0.545246484,0.406684035,-25.4128093
-72.99195677,220.8179779,221.0122938,221.5826,0.764622095,0.570306184,-25.41332665
-72.99195674,221.3747406,221.4275574,221.5826,0.207859399,0.15504257,-25.40988243
-72.99195678,220.5568237,220.817511,221.5826,1.02577627,0.765089037,-25.41365402
-72.99196302,220.5690613,220.8266384,221.5826,1.013538721,0.755961614,-25.41364244
-72.991963,220.7943878,220.9946991,221.5826,0.788212183,0.587900943,-25.41336513
-72.991963,220.9277802,221.0941902,221.5826,0.654819849,0.488409753,-25.41311103
-72.99196921,221.3390656,221.4009491,221.5826,0.243534448,0.181650944,-25.41057532
-72.9919692,221.4026184,221.4483502,221.5826,0.179981592,0.1342498,-25.40914977
-72.99196926,220.4900208,220.7676857,221.5826,1.092579248,0.814914298,-25.41371261
-72.99197547,220.8908539,221.0666486,221.5826,0.691746118,0.515951355,-25.41319117
-72.9919817,220.998764,221.1471339,221.5826,0.583835962,0.435466147,-25.41292847
-72.99199414,221.3688049,221.4231303,221.5826,0.213795068,0.159469712,-25.41001373
-72.99199417,220.8404388,221.0290464,221.5826,0.742161157,0.553553607,-25.41328771
-72.99200037,221.3905334,221.4393366,221.5826,0.192066553,0.143263415,-25.40949347
-72.99200661,221.2892609,221.363802,221.5826,0.293339136,0.218797963,-25.41126075
-72.99201284,221.296814,221.3694355,221.5826,0.285786035,0.213164454,-25.41117216
-72.99201284,221.2872467,221.3622998,221.5826,0.295353296,0.220300232,-25.4112836
-72.99201907,221.3872223,221.4368669,221.5826,0.19537771,0.145733054,-25.40958021
-72.99203154,221.3118744,221.3806684,221.5826,0.27072561,0.201931578,-25.41098077
-72.99261618,221.2680817,221.3480054,221.5826,0.314518335,0.234594551,-25.4114863
-72.99261618,221.3190918,221.3860516,221.5826,0.263508203,0.196548447,-25.41088117
-72.99262239,221.3228912,221.3888854,221.5826,0.259708765,0.193714621,-25.41082658
-72.99262859,221.4060516,221.4509109,221.5826,0.176548364,0.131689114,-25.40904336
-72.99262859,221.4420013,221.4777241,221.5826,0.140598657,0.104875885,-25.40761944
-72.99264101,221.2693939,221.3489842,221.5826,0.313206079,0.2336158,-25.4114732
-72.99265963,221.2879181,221.3628005,221.5826,0.294681909,0.219799476,-25.41127587
-72.99266583,221.4227905,221.4633957,221.5826,0.159809473,0.119204347,-25.40846005
-72.99266583,221.4279175,221.4672196,221.5826,0.15468252,0.115380389,-25.40825613
-72.99267203,221.4267273,221.4663319,221.5826,0.155872705,0.116268093,-25.40830466
-72.99267203,221.4407654,221.4768023,221.5826,0.141834619,0.105797732,-25.40768036
-72.99267206,220.9851532,221.1369822,221.5826,0.597446802,0.445617845,-25.41296666
-72.99267824,221.3629456,221.41876,221.5826,0.219654443,0.16383995,-25.41013623
-72.99268445,221.2959137,221.3687641,221.5826,0.286686304,0.213835923,-25.41118281
-72.99268445,221.2809448,221.3575995,221.5826,0.301655176,0.225000514,-25.41135299
-72.99269067,221.0963287,221.2199029,221.5826,0.486271265,0.36269714,-25.41259041
-72.99269066,221.3984833,221.445266,221.5826,0.184116724,0.137334004,-25.40927227
-72.99269687,221.1908264,221.2903843,221.5826,0.391773584,0.292215678,-25.41210272
-72.99269687,221.3526459,221.411078,221.5826,0.229954126,0.171522008,-25.41033671
-72.99270928,221.356781,221.4141622,221.5826,0.225818994,0.168437804,-25.41025842
-72.99270928,221.3934326,221.4414989,221.5826,0.189167383,0.141101058,-25.40941484
-72.99270929,221.2207184,221.3126794,221.5826,0.361881616,0.269920638,-25.41189542
-72.99271549,221.3777771,221.4298222,221.5826,0.2048229,0.152777786,-25.4098121
-72.9927155,221.1797943,221.282156,221.5826,0.402805688,0.300444016,-25.41217144
-72.99273413,221.1207733,221.2381349,221.5826,0.461826685,0.344465055,-25.41248338
-72.99273411,221.3691406,221.4233807,221.5826,0.213459375,0.159219334,-25.41000631
-72.99274033,221.1535187,221.2625582,221.5826,0.429081323,0.3200418,-25.41232091
-72.99274655,221.0423889,221.1796716,221.5826,0.540211084,0.402928363,-25.41279228
-72.99275896,221.1397858,221.2523155,221.5826,0.442814233,0.330284545,-25.41239197
-72.9927776,221.0390015,221.1771451,221.5826,0.543598535,0.405454907,-25.41280363
-72.99279002,220.9640656,221.1212539,221.5826,0.618534448,0.461346148,-25.41302275
-72.99280244,221.0168762,221.1606429,221.5826,0.565723779,0.421957106,-25.41287437
-72.99280244,221.0747833,221.2038331,221.5826,0.507816675,0.378766868,-25.41267619
-72.99280865,221.0403595,221.178158,221.5826,0.542240503,0.404442013,-25.4127991
-72.99281487,221.0027313,221.1500929,221.5826,0.579868677,0.432507133,-25.41291677
-72.99281486,221.0485992,221.1843036,221.5826,0.534000757,0.398296367,-25.41277113
-72.99283349,221.2980347,221.370346,221.5826,0.284565332,0.212253988,-25.41115725
-72.99283971,221.0458069,221.1822209,221.5826,0.536793115,0.400379058,-25.41278071
-72.99284592,221.1465149,221.2573344,221.5826,0.436085107,0.3252656,-25.41235773
-72.99287077,221.1908417,221.2903957,221.5826,0.391758325,0.292204298,-25.41210263
-72.99287698,221.3139038,221.3821821,221.5826,0.268696191,0.200417928,-25.4109532
-72.992877,221.0140533,221.1585374,221.5826,0.568546655,0.424062559,-25.41288301
-72.992877,221.075058,221.204038,221.5826,0.507542017,0.378562013,-25.41267516
-72.99289564,221.0878906,221.2136093,221.5826,0.494709375,0.368990737,-25.41262491
-72.99290808,221.0620422,221.1943301,221.5826,0.520557764,0.388269858,-25.4127236
-72.99290807,221.1371918,221.2503807,221.5826,0.445408228,0.332219285,-25.41240493
-72.99292672,221.1463165,221.2571864,221.5826,0.436283472,0.325413551,-25.41235877
-72.99293293,221.3215179,221.3878611,221.5826,0.261082056,0.194738895,-25.4108465
-72.99293916,221.0538483,221.1882186,221.5826,0.528751733,0.394381362,-25.41275287
-72.99293917,220.9777222,221.1314397,221.5826,0.604877832,0.451160308,-25.41298689
-72.99297027,220.9234161,221.0909353,221.5826,0.659183862,0.491664671,-25.4131208
-72.99297647,221.2797699,221.3567232,221.5826,0.302830103,0.225876838,-25.41136566
-72.9929827,221.0297241,221.1702256,221.5826,0.552875879,0.41237445,-25.41283401
-72.99301382,220.975235,221.1295846,221.5826,0.607365015,0.453015383,-25.41299355
-72.99301381,221.204483,221.3005702,221.5826,0.378116968,0.282029838,-25.4120121
-72.99302004,221.0667419,221.1978354,221.5826,0.515858057,0.384764563,-25.4127064
-72.99302004,221.0632782,221.195252,221.5826,0.519321802,0.387348011,-25.41271911
-72.99302627,220.9274292,221.0939285,221.5826,0.655170801,0.488671514,-25.41311167
-72.99306362,221.0372162,221.1758135,221.5826,0.545383813,0.406786463,-25.41280958
-72.99309475,221.2697906,221.3492801,221.5826,0.312809351,0.233319899,-25.41146923
-72.99310099,221.0190277,221.1622476,221.5826,0.56357229,0.420352409,-25.41286776
-72.99311344,221.2767029,221.3544356,221.5826,0.305897119,0.228164384,-25.41139821
-72.99311969,220.9259186,221.0928018,221.5826,0.656681421,0.489798215,-25.41311512
-72.99311968,221.0357819,221.1747437,221.5826,0.54681814,0.407856261,-25.41281431
-72.9931259,221.2049866,221.3009457,221.5826,0.377613428,0.281654271,-25.41200864
-72.99315083,221.3035736,221.3744773,221.5826,0.279026392,0.208122748,-25.41108869
-72.99316955,221.0473175,221.1833476,221.5826,0.535282495,0.399252356,-25.41277557
-72.99317578,221.1816711,221.2835558,221.5826,0.400928857,0.299044174,-25.41216006
-72.99318201,221.2940369,221.3673642,221.5826,0.288563135,0.215235765,-25.41120515
-72.99318202,220.9721527,221.1272857,221.5826,0.61044729,0.45531431,-25.41300174
-72.9931945,221.0220642,221.1645124,221.5826,0.560535791,0.418087625,-25.41285833
-72.99319449,221.0966339,221.2201305,221.5826,0.485966089,0.362469523,-25.41258918
-72.99320072,221.3003693,221.3720873,221.5826,0.282230737,0.210512721,-25.41112871
-72.99321321,220.9810486,221.1339207,221.5826,0.601551416,0.448679287,-25.41297793
-72.99321945,221.0892029,221.214588,221.5826,0.493397119,0.368011986,-25.41261966
-72.99321946,220.8878021,221.0643725,221.5826,0.694797876,0.518227521,-25.41319728
-72.99325691,220.8923492,221.067764,221.5826,0.690250757,0.514836035,-25.41318796
-72.9933006,221.2491913,221.333916,221.5826,0.333408716,0.248684015,-25.41166347
-72.99331311,221.030777,221.1710108,221.5826,0.551823022,0.411589172,-25.41283066
-72.9933506,221.0732727,221.2027064,221.5826,0.509327295,0.379893569,-25.41268201
-72.99335685,221.1054535,221.2267086,221.5826,0.477146509,0.355891405,-25.41255182
-72.99338187,220.8879242,221.0644635,221.5826,0.694675806,0.518136474,-25.41319706
-72.99338812,221.0888519,221.2143263,221.5826,0.493748071,0.368273745,-25.41262111
-72.99339436,221.3198395,221.3866092,221.5826,0.262760522,0.195990786,-25.41087062
-72.99340064,220.8999023,221.0733975,221.5826,0.682697656,0.509202525,-25.41317224
-72.99340062,221.2893524,221.3638703,221.5826,0.293247583,0.218729678,-25.41125963
-72.99340689,221.0568542,221.1904607,221.5826,0.525745752,0.392139339,-25.41274231
-72.99340688,221.2666016,221.3469015,221.5826,0.315998438,0.235698491,-25.41150102
-72.9934194,221.0993347,221.2221449,221.5826,0.483265283,0.360455117,-25.41257792
-72.9934194,221.1538239,221.2627858,221.5826,0.428776147,0.319814183,-25.41231938
-72.99342566,221.0862885,221.2124143,221.5826,0.496311548,0.370185724,-25.4126314
-72.99342565,221.1280975,221.2435977,221.5826,0.454502466,0.339002258,-25.41244917
-72.99343191,221.1890259,221.2890414,221.5826,0.393574121,0.293558616,-25.41211429
-72.99343817,221.102356,221.2243983,221.5826,0.480244043,0.358201713,-25.41256513
-72.99343819,220.8969269,221.0711782,221.5826,0.68567312,0.511421786,-25.41317849
-72.99343818,221.0333862,221.1729569,221.5826,0.54921377,0.409643051,-25.41282222
-72.99344443,221.0905304,221.2155781,221.5826,0.492069604,0.367021854,-25.41261433
-72.99350079,221.2250061,221.3158774,221.5826,0.357593896,0.266722626,-25.41186295
-72.99351958,221.3124542,221.3811009,221.5826,0.270145776,0.201499106,-25.41097294
-72.99352587,220.9587708,221.1173047,221.5826,0.623829248,0.465295294,-25.41303636
-72.9935384,221.0393219,221.1773841,221.5826,0.543278101,0.405215909,-25.41280268
-72.99354467,221.1282806,221.2437343,221.5826,0.45431936,0.338865688,-25.41244833
-72.99354466,221.3128662,221.3814082,221.5826,0.269733789,0.201191824,-25.41096738
-72.99358228,221.2483826,221.3333128,221.5826,0.334217432,0.249287199,-25.41167066
-72.99360114,220.6522675,220.888698,221.5826,0.930332544,0.693901965,-25.41355562
-72.99360738,221.2130432,221.3069548,221.5826,0.369556787,0.275645194,-25.41195198
-72.99360741,220.6236115,220.8673248,221.5826,0.95898855,0.715275158,-25.4135872
-72.99362625,220.4658508,220.7496585,221.5826,1.11674917,0.832941528,-25.41373203
-72.99363253,220.2752075,220.6074664,221.5826,1.30739248,0.97513358,-25.41386041
-72.99363882,220.0535431,220.4421371,221.5826,1.529056909,1.140462854,-25.41396943
-72.99364511,219.9414978,220.3585677,221.5826,1.641102197,1.224032266,-25.41401334
-72.99365136,220.3811951,220.6865176,221.5826,1.201404932,0.896082356,-25.41379407
-72.99365138,220.0257874,220.4214354,221.5826,1.556812646,1.161164578,-25.4139809
-72.99365135,220.5783691,220.8335807,221.5826,1.004230859,0.74901931,-25.41363339
-72.99365761,220.8793945,221.0581016,221.5826,0.703205469,0.524498356,-25.41321429
-72.99365766,220.0157318,220.4139355,221.5826,1.566868188,1.168664543,-25.41398496
-72.99366394,219.9878845,220.3931654,221.5826,1.594715479,1.189434552,-25.41399591
-72.99367609,220.1350861,220.5029563,221.5826,1.44751394,1.079643714,-25.41393322
-72.9936824,220.0921173,220.4709079,221.5826,1.49048269,1.111692123,-25.4139528
-72.99369502,220.0034485,220.4047739,221.5826,1.579151514,1.177826108,-25.41398984
-72.993695,220.3839264,220.6885548,221.5826,1.198673608,0.894045188,-25.41379222
-72.99370129,220.7241516,220.9423131,221.5826,0.858448389,0.640286889,-25.41346714
-72.99370133,219.9720917,220.3813863,221.5826,1.610508325,1.201213708,-25.41400197
-72.99373286,220.2438049,220.5840447,221.5826,1.338795068,0.998555322,-25.41387807
-72.99373288,219.9726257,220.3817846,221.5826,1.609974268,1.200815379,-25.41400177
-72.99373919,220.0074921,220.4077898,221.5826,1.575107935,1.174810189,-25.41398825
-72.99374548,220.3623199,220.6724396,221.5826,1.220280054,0.910160439,-25.41380675
-72.99374549,220.2604828,220.5964839,221.5826,1.322117212,0.986116078,-25.41386881
-72.9937581,220.5035248,220.7777577,221.5826,1.07907522,0.804842266,-25.41370132
-72.99376447,219.5182648,220.0428977,221.5826,2.064335229,1.539702263,-25.41413619
-72.99377076,219.8475952,220.2885301,221.5826,1.735004785,1.294069875,-25.41404579
-72.99377074,220.2998352,220.6258351,221.5826,1.282764795,0.956764925,-25.413846
-72.99377077,219.6559753,220.1456097,221.5826,1.926624658,1.4369903,-25.41410215
-72.99378341,219.476593,220.0118167,221.5826,2.106006982,1.570783301,-25.41414562
-72.9937834,219.6314697,220.1273321,221.5826,1.951130273,1.455267908,-25.41410856
-72.99380864,220.0344849,220.4279225,221.5826,1.548115137,1.154677506,-25.41397739
-72.99382129,219.7743988,220.2339363,221.5826,1.808201196,1.348663701,-25.41406874
-72.99382759,220.1257629,220.4960026,221.5826,1.456837061,1.086597399,-25.4139376
-72.99384025,219.6192474,220.1182161,221.5826,1.963352563,1.46438395,-25.41411171
-72.99384024,219.8366852,220.2803928,221.5826,1.745914819,1.302207166,-25.41404934
-72.99385289,219.581665,220.0901851,221.5826,2.000934961,1.492414926,-25.41412112
-72.99385288,219.7303925,220.201114,221.5826,1.852207544,1.381486006,-25.41408166
-72.9938592,219.8343048,220.2786174,221.5826,1.74829519,1.303982575,-25.41405011
-72.9938592,219.697464,220.1765542,221.5826,1.885136011,1.406045831,-25.41409094
-72.99387816,219.7883453,220.2443384,221.5826,1.794254663,1.338261625,-25.41406452
-72.9938908,219.72052,220.1937506,221.5826,1.86207998,1.388849401,-25.41408449
-72.99389081,219.6538696,220.1440391,221.5826,1.928730371,1.438560853,-25.41410273
-72.99392239,220.0340729,220.4276152,221.5826,1.548527124,1.154984788,-25.41397758
-72.9939224,219.8801117,220.3127827,221.5826,1.702488306,1.269817332,-25.414035
-72.9939224,219.8103485,220.2607495,221.5826,1.772251489,1.321850473,-25.41405773
-72.99392873,219.6705475,220.1564784,221.5826,1.912052515,1.426121609,-25.41409829
-72.99392874,219.5699463,220.0814446,221.5826,2.012653711,1.501155401,-25.41412399
-72.99393505,219.7653351,220.2271761,221.5826,1.817264917,1.355423912,-25.41407147
-72.99393506,219.5048828,220.0329168,221.5826,2.077717188,1.549683247,-25.41413929
-72.99394138,219.6139679,220.1142783,221.5826,1.968632104,1.468321715,-25.41411307
-72.99394138,219.5591125,220.0733642,221.5826,2.023487451,1.509235788,-25.41412661
-72.99394771,219.443634,219.9872341,221.5826,2.138965967,1.595365887,-25.41415285
-72.99394769,219.8243408,220.2711857,221.5826,1.75825918,1.311414254,-25.41405332
-72.99395401,219.9898987,220.3946677,221.5826,1.592701318,1.187932282,-25.41399519
-72.99396034,219.7114868,220.1870131,221.5826,1.871113184,1.39558685,-25.41408705
-72.99396034,219.7021179,220.1800253,221.5826,1.88048208,1.402574678,-25.41408967
-72.99396668,219.561554,220.0751851,221.5826,2.021046045,1.507414856,-25.41412603
-72.993973,219.4866028,220.0192825,221.5826,2.095997217,1.563317478,-25.41414343
-72.99397932,219.6723785,220.1578441,221.5826,1.91022146,1.42475591,-25.41409781
-72.99397929,220.0722351,220.4560787,221.5826,1.510364893,1.12652134,-25.41396155
-72.99398565,219.4664459,220.0042484,221.5826,2.116154077,1.57835155,-25.4141479
-72.99398565,219.5140076,220.0397225,221.5826,2.068592432,1.542877513,-25.41413722
-72.9940046,219.7278748,220.1992362,221.5826,1.854725244,1.383363842,-25.41408241
-72.99401726,219.5124207,220.0385389,221.5826,2.070179346,1.544061118,-25.41413759
-72.9940299,219.7248993,220.1970169,221.5826,1.857700708,1.385583103,-25.41408327
-72.99404888,219.5944061,220.0996881,221.5826,1.988193872,1.482911935,-25.41411801
-72.99404888,219.5884552,220.0952495,221.5826,1.9941448,1.487350458,-25.41411949
-72.99407418,219.6007996,220.1044566,221.5826,1.981800439,1.478143369,-25.41411642
-72.99409947,219.6969452,220.1761672,221.5826,1.88565481,1.406432778,-25.41409113
-72.99411212,219.6294861,220.1258526,221.5826,1.953113916,1.456747414,-25.41410914
-72.99415639,219.6559906,220.1456211,221.5826,1.926609399,1.436978917,-25.41410222
-72.99417537,219.5123444,220.038482,221.5826,2.07025564,1.544118022,-25.41413764
-72.99420696,219.9224701,220.3443758,221.5826,1.660129907,1.238224155,-25.41402032
-72.99423226,219.7980347,220.2515652,221.5826,1.784565332,1.331034799,-25.41406162
-72.99423227,219.5717316,220.0827762,221.5826,2.010868433,1.499823843,-25.41412362
-72.99425755,219.6187592,220.1178519,221.5826,1.963840845,1.464748135,-25.41411192
-72.99426385,219.9485016,220.3637915,221.5826,1.634098413,1.218808464,-25.4140109
-72.99428915,219.5963593,220.1011448,221.5826,1.986240747,1.481455188,-25.41411757
-72.99429548,219.5352936,220.0555987,221.5826,2.047306421,1.527001258,-25.41413234
-72.99435865,219.5087891,220.0358302,221.5826,2.073810938,1.546769754,-25.41413849
-72.99436494,219.9814911,220.3883969,221.5826,1.601108911,1.194203116,-25.41399852
-72.99439023,219.513443,220.0393014,221.5826,2.069157007,1.543298602,-25.41413742
-72.99445333,219.6678009,220.1544298,221.5826,1.914799097,1.428170156,-25.41409912
-72.99445333,219.7323761,220.2025935,221.5826,1.850223901,1.380006497,-25.4140812
-72.99447858,219.4050903,219.9584861,221.5826,2.177509668,1.624113854,-25.41416106
-72.99449749,219.5651398,220.0778596,221.5826,2.017460229,1.50474036,-25.41412524
-72.99451009,219.723465,220.1959471,221.5826,1.859135034,1.3866529,-25.41408374
-72.9945164,219.7053375,220.1824267,221.5826,1.877262476,1.400173322,-25.41408885
-72.99454161,219.7761841,220.2352679,221.5826,1.806415918,1.347332143,-25.41406831
-72.99454162,219.5618439,220.0754014,221.5826,2.020756128,1.507198619,-25.41412604
-72.99454791,219.7129364,220.1880943,221.5826,1.869663599,1.39450567,-25.41408673
-72.99454792,219.6029968,220.1060955,221.5826,1.979603174,1.476504528,-25.41411593
-72.99461091,219.5611267,220.0748665,221.5826,2.021473291,1.507733517,-25.41412623
-72.99462979,219.5808563,220.0895819,221.5826,2.001743677,1.493018108,-25.41412144
-72.99464237,219.6947479,220.1745284,221.5826,1.887852075,1.408071616,-25.41409181
-72.99465496,219.4319458,219.9785164,221.5826,2.150654199,1.604083598,-25.41415545
-72.9946801,219.7487335,220.2147938,221.5826,1.833866479,1.36780625,-25.41407649
-72.99470526,219.550415,220.0668771,221.5826,2.032184961,1.515722857,-25.41412881
-72.99471783,219.6779938,220.1620322,221.5826,1.904606226,1.420567763,-25.41409641
-72.99474297,219.4218445,219.9709823,221.5826,2.160755518,1.611617705,-25.41415761
-72.99474296,219.6595154,220.1482501,221.5826,1.923084619,1.434349945,-25.41410137
-72.99475551,219.7270813,220.1986444,221.5826,1.855518701,1.383955643,-25.41408276
-72.99475552,219.5908661,220.0970477,221.5826,1.991733911,1.485552285,-25.414119
-72.99477437,219.4359894,219.9815323,221.5826,2.14661062,1.601067678,-25.41415462
-72.9947869,219.814621,220.2639362,221.5826,1.767979028,1.318663839,-25.41405653
-72.99479319,219.4339905,219.9800414,221.5826,2.148609521,1.602558566,-25.41415505
-72.99479946,219.6266327,220.1237244,221.5826,1.95596731,1.458875626,-25.41410998
-72.99480574,219.5070038,220.0344987,221.5826,2.075596216,1.548101309,-25.41413895
-72.99482455,219.5772858,220.0869188,221.5826,2.005314233,1.495681221,-25.41412235
-72.99484336,219.7064819,220.1832802,221.5826,1.876118066,1.399319759,-25.41408859
-72.99484337,219.5513916,220.0676055,221.5826,2.031208398,1.514994484,-25.41412861
-72.99485589,219.6533356,220.1436408,221.5826,1.929264429,1.438959179,-25.41410303
-72.99486216,219.6355438,220.1303708,221.5826,1.947056177,1.452229223,-25.41410769
-72.99488724,219.3906403,219.9477085,221.5826,2.191959741,1.634891495,-25.41416412
-72.99489976,219.5202026,220.0443431,221.5826,2.062397363,1.538256894,-25.41413594
-72.99490601,219.5954132,220.1004392,221.5826,1.987186792,1.482160798,-25.4141179
-72.99490602,219.4968567,220.0269304,221.5826,2.085743311,1.555669559,-25.41414128
-72.99493774,219.5504761,220.0669227,221.5826,2.032123926,1.515677333,-25.41412885
-72.99494396,219.7639465,220.2261404,221.5826,1.818653467,1.356459564,-25.41407206
-72.99495643,219.5269012,220.0493393,221.5826,2.055698755,1.53326071,-25.4141344
-72.99497509,219.9334717,220.3525814,221.5826,1.64912832,1.230018577,-25.41401649
-72.99498133,219.5566559,220.0715319,221.5826,2.025944116,1.511068098,-25.41412738
-72.99500001,219.5214081,220.0452422,221.5826,2.061191919,1.537357808,-25.41413568
-72.99503732,219.6354828,220.1303253,221.5826,1.947117212,1.452274746,-25.41410774
-72.99504975,219.7194824,220.1929767,221.5826,1.863117578,1.389623294,-25.41408498
-72.99506839,219.7596436,220.222931,221.5826,1.822956445,1.359668957,-25.41407336
-72.99508704,219.6929779,220.1732082,221.5826,1.889622095,1.40939179,-25.41409239
-72.99509945,219.79953,220.2526805,221.5826,1.783069971,1.329919475,-25.4140613
-72.99509945,219.8513031,220.2912957,221.5826,1.731296899,1.29130433,-25.41404481
-72.99513671,219.7901764,220.2457041,221.5826,1.792423608,1.336895922,-25.41406419
-72.99518634,219.8560638,220.2948465,221.5826,1.726536157,1.287753511,-25.41404326
-72.99519257,219.4672241,220.0048289,221.5826,2.115375879,1.577771124,-25.41414794
-72.99522356,219.6848145,220.1671195,221.5826,1.897785547,1.415480532,-25.41409466
-72.99522976,219.5375977,220.0573173,221.5826,2.045002344,1.52528275,-25.41413196
-72.99524216,219.6022186,220.1055151,221.5826,1.980381372,1.477084948,-25.41411627
-72.99526075,219.4735565,220.0095519,221.5826,2.109043481,1.57304808,-25.41414657
-72.99527313,219.6663361,220.1533373,221.5826,1.91626394,1.429262713,-25.41409967
-72.99527314,219.5324249,220.0534592,221.5826,2.050175073,1.52914085,-25.41413319
-72.99527933,219.5851593,220.0927913,221.5826,1.997440698,1.489808712,-25.41412053
-72.99529171,219.7743835,220.2339249,221.5826,1.808216455,1.348675077,-25.41406902
-72.9953041,219.7137451,220.1886975,221.5826,1.868854883,1.393902483,-25.41408667
-72.99533507,219.497757,220.0276019,221.5826,2.084843042,1.554998088,-25.41414119
-72.99533504,220.0326385,220.4265454,221.5826,1.54996145,1.156054581,-25.41397844
-72.99534126,219.5925751,220.0983224,221.5826,1.990024927,1.484277629,-25.41411872
-72.99534745,219.518219,220.0428636,221.5826,2.064381006,1.539736399,-25.41413652
-72.99534744,219.7546692,220.2192209,221.5826,1.827930811,1.363379105,-25.41407491
-72.99535363,219.7571564,220.221076,221.5826,1.825443628,1.36152403,-25.41407418
-72.99535981,219.9087982,220.3341786,221.5826,1.673801782,1.248421372,-25.41402539
-72.99536599,220.0161133,220.41422,221.5826,1.566486719,1.168380017,-25.41398515
-72.99539694,219.969101,220.3791557,221.5826,1.613499048,1.203444344,-25.41400345
-72.99540931,219.9624634,220.374205,221.5826,1.620136621,1.208395004,-25.41400595
-72.99542169,219.9198151,220.3423956,221.5826,1.662784937,1.240204415,-25.41402152
-72.99542786,220.2169952,220.5640486,221.5826,1.365604761,1.01855143,-25.41389285
-72.9954526,220.1761475,220.5335821,221.5826,1.406452539,1.049017904,-25.41391377
-72.99546496,220.3362427,220.6529897,221.5826,1.246357324,0.929610268,-25.41382398
-72.99547736,219.8844147,220.3159921,221.5826,1.698185327,1.266607933,-25.41403387
-72.99547734,220.1362762,220.503844,221.5826,1.446323755,1.078756004,-25.41393305
-72.99548353,220.0761414,220.4589922,221.5826,1.506458643,1.123607843,-25.41396019
-72.99550208,220.087326,220.4673343,221.5826,1.49527395,1.115265697,-25.41395531
-72.99552064,219.9425354,220.3593416,221.5826,1.6400646,1.223258363,-25.41401337
-72.99552062,220.1920319,220.5454295,221.5826,1.39056814,1.037170462,-25.41390581
-72.99552063,220.1758575,220.5333659,221.5826,1.406742456,1.049234139,-25.41391394
-72.99552682,219.9656982,220.3766177,221.5826,1.616901758,1.205982268,-25.41400479
-72.995533,220.0115814,220.4108399,221.5826,1.571018579,1.171760121,-25.41398703
-72.99553915,220.5995026,220.8493431,221.5826,0.983097437,0.733256861,-25.41361277
-72.99553916,220.3934784,220.6956792,221.5826,1.189121606,0.886920786,-25.41378604
-72.99553917,220.2344818,220.577091,221.5826,1.348118188,1.005509002,-25.41388356
-72.99555154,220.1746368,220.5324554,221.5826,1.407963159,1.050144605,-25.41391456
-72.99557627,220.2196808,220.5660516,221.5826,1.362919214,1.016548404,-25.41389149
-72.99558861,220.5337372,220.8002918,221.5826,1.048862817,0.782308225,-25.4136755
-72.99559481,220.2023468,220.553123,221.5826,1.380253198,1.029477023,-25.41390056
-72.99559483,219.9497833,220.3647475,221.5826,1.632816675,1.21785247,-25.41401074
-72.99561335,220.3215942,220.6420641,221.5826,1.261005762,0.940535861,-25.41383321
-72.99563807,220.4190369,220.7147421,221.5826,1.163563135,0.8678579,-25.41376793
-72.99563809,220.0610809,220.4477593,221.5826,1.521519067,1.134840718,-25.41396672
-72.99565044,220.3111877,220.6343024,221.5826,1.271412256,0.948297584,-25.41383962
-72.99565662,220.4293823,220.7224583,221.5826,1.153217676,0.860141699,-25.41376036
-72.99565661,220.5978546,220.848114,221.5826,0.984745386,0.73448599,-25.41361451
-72.99567516,220.5315247,220.7986416,221.5826,1.051075342,0.783958444,-25.41367752
-72.99571225,220.6063385,220.8544418,221.5826,0.976261499,0.728158249,-25.41360586
-72.99572463,220.2842255,220.6141925,221.5826,1.298374536,0.968407505,-25.41385572
-72.9957308,220.4812927,220.7611759,221.5826,1.101307275,0.821424126,-25.41372022
-72.9957308,220.4668121,220.7503755,221.5826,1.115787866,0.83222453,-25.41373181
-72.99574318,220.2651978,220.6000006,221.5826,1.317402246,0.982599396,-25.41386667
-72.99574936,220.4438782,220.7332701,221.5826,1.138721826,0.849329913,-25.41374957
-72.99574937,220.1402588,220.5068144,221.5826,1.442341211,1.075785606,-25.41393132
-72.99575555,220.2427979,220.5832936,221.5826,1.339802148,0.999306449,-25.41387916
-72.99575556,220.1392212,220.5060405,221.5826,1.443378809,1.076559502,-25.41393182
-72.99576171,220.6706085,220.9023778,221.5826,0.911991479,0.680222206,-25.41353492
-72.99576792,220.1634827,220.524136,221.5826,1.419117334,1.058463987,-25.41392018
-72.99576792,220.2774353,220.609128,221.5826,1.305164697,0.973471972,-25.41385969
-72.99577408,220.6012726,220.8506633,221.5826,0.981327417,0.731936684,-25.4136111
-72.99580502,220.3392944,220.6552659,221.5826,1.243305566,0.9273341,-25.41382223
-72.9958112,220.4556427,220.7420447,221.5826,1.1269573,0.840555295,-25.4137406
-72.99581738,220.5357361,220.8017827,221.5826,1.046863916,0.780817335,-25.41367385
-72.99582976,220.4192657,220.7149128,221.5826,1.163334253,0.867687186,-25.41376789
-72.99584212,220.6345062,220.8754508,221.5826,0.948093774,0.707149242,-25.41357603
-72.99584215,220.1073151,220.4822432,221.5826,1.475284937,1.100356811,-25.4139466
-72.99584832,220.2583313,220.5948792,221.5826,1.324268701,0.987720767,-25.41387061
-72.99584831,220.4693146,220.7522419,221.5826,1.113285425,0.830358074,-25.41372991
-72.99585452,220.0925751,220.4712493,221.5826,1.490024927,1.111350689,-25.4139532
-72.9958669,220.0553894,220.4435142,221.5826,1.527210596,1.139085764,-25.41396928
-72.99586687,220.6348572,220.8757125,221.5826,0.947742822,0.706887483,-25.41357566
-72.9958978,220.7462921,220.9588267,221.5826,0.836307886,0.623773304,-25.41343745
-72.99591022,220.0625,220.4488177,221.5826,1.5201,1.133782298,-25.41396629
-72.99592256,220.7294159,220.9462395,221.5826,0.853184106,0.636360499,-25.41346072
-72.99592258,220.3006287,220.6264269,221.5826,1.281971338,0.956173114,-25.41384616
-72.99592257,220.5042725,220.7783154,221.5826,1.078327539,0.804284599,-25.41370132
-72.99594737,219.9976654,220.4004606,221.5826,1.584934595,1.182139431,-25.41399278
-72.99595355,220.1360626,220.5036847,221.5826,1.446537378,1.078915332,-25.41393343
-72.99595356,219.9746399,220.3832869,221.5826,1.607960107,1.199313099,-25.41400166
-72.99595974,220.2021027,220.5529409,221.5826,1.380497339,1.029659113,-25.41390092
-72.99595971,220.7916412,220.9926505,221.5826,0.790958765,0.589949487,-25.41337008
-72.99597214,220.0131073,220.411978,221.5826,1.5694927,1.170622034,-25.41398669
-72.9959721,220.6905212,220.9172298,221.5826,0.89207876,0.665370226,-25.41351099
-72.99598453,219.8784485,220.3115422,221.5826,1.704151514,1.271057831,-25.4140362
-72.9960155,220.0036163,220.4048991,221.5826,1.578983667,1.177700908,-25.41399048
-72.99602789,220.1669159,220.5266967,221.5826,1.415684106,1.055903299,-25.41391866
-72.99603409,220.0146637,220.4131388,221.5826,1.567936304,1.169461189,-25.4139861
-72.9960651,219.8503418,220.2905787,221.5826,1.732258203,1.292021313,-25.41404561
-72.99607129,220.0298462,220.4244627,221.5826,1.552753809,1.158137266,-25.41398
-72.9960713,219.900238,220.327794,221.5826,1.682361963,1.25480601,-25.41402878
-72.99610231,219.7806702,220.2386138,221.5826,1.801929834,1.343986168,-25.41406757
-72.99610231,219.7985992,220.2519863,221.5826,1.784000757,1.330613697,-25.41406209
-72.99610851,219.9528351,220.3670237,221.5826,1.629764917,1.215576299,-25.41400994
-72.99610852,219.8047028,220.2565386,221.5826,1.777897241,1.326061366,-25.4140602
-72.99611472,219.7789764,220.2373506,221.5826,1.80362356,1.34524944,-25.41406809
-72.99612093,219.6233978,220.1213116,221.5826,1.959202173,1.46128835,-25.41411139
-72.99612711,220.0715485,220.4555665,221.5826,1.511051538,1.127033466,-25.41396256
-72.99612715,219.4938049,220.0246543,221.5826,2.088795068,1.557945713,-25.41414252
-72.99613332,220.0025024,220.4040683,221.5826,1.580097559,1.178531707,-25.41399099
-72.99614576,219.5617981,220.0753673,221.5826,2.020801904,1.507232748,-25.4141267
-72.99615196,219.7209778,220.194092,221.5826,1.861622217,1.388507962,-25.4140851
-72.99615194,220.0971985,220.4746977,221.5826,1.485401514,1.107902296,-25.41395134
-72.99615197,219.4608307,220.0000603,221.5826,2.121769312,1.582539679,-25.41414986
-72.99615816,219.9385834,220.356394,221.5826,1.644016626,1.226205991,-25.4140152
-72.99615818,219.4398041,219.9843775,221.5826,2.142795923,1.598222458,-25.41415441
-72.99617653,219.4169769,219.9673518,221.5826,2.165623071,1.615248175,-25.41415926
-72.9961765,219.8666382,220.3027334,221.5826,1.715961816,1.279866589,-25.41404029
-72.99617652,219.4776459,220.012602,221.5826,2.104954126,1.569998008,-25.41414617
-72.99619521,219.5496521,220.0663081,221.5826,2.0329479,1.516291885,-25.41412964
-72.99620144,219.5509186,220.0672527,221.5826,2.031681421,1.515347277,-25.41412934
-72.99620147,218.9663696,219.6312646,221.5826,2.616230371,1.951335372,-25.41423747
-72.99620143,219.6475983,220.1393616,221.5826,1.935001733,1.443238358,-25.41410516
-72.99620769,219.0567932,219.6987074,221.5826,2.525806787,1.883892592,-25.41422402
-72.9962077,219.0416565,219.6874176,221.5826,2.540943506,1.895182372,-25.41422634
-72.99620769,219.2067719,219.8105696,221.5826,2.375828149,1.772030445,-25.41419944
-72.99620767,219.5944214,220.0996995,221.5826,1.988178613,1.482900539,-25.41411876
-72.99621391,219.3021851,219.8817339,221.5826,2.280414941,1.700866135,-25.41418213
-72.99621391,219.326767,219.9000684,221.5826,2.255833032,1.682531623,-25.41417744
-72.99622014,219.3789978,219.9390249,221.5826,2.203602197,1.643575052,-25.41416711
-72.99622636,219.6088104,220.1104316,221.5826,1.973789575,1.472168419,-25.41411516
-72.99622639,219.0585785,219.700039,221.5826,2.524021509,1.882561035,-25.41422375
-72.99623262,219.0944061,219.7267611,221.5826,2.488193872,1.855838853,-25.41421815
-72.99623884,219.3390045,219.9091958,221.5826,2.243595483,1.673404199,-25.41417507
-72.99623883,219.6101837,220.1114559,221.5826,1.972416284,1.471144145,-25.41411483
-72.99623885,219.1984406,219.8043556,221.5826,2.384159448,1.778244376,-25.41420091
-72.99624507,219.5481567,220.0651928,221.5826,2.034443262,1.517407206,-25.41413003
-72.99624508,219.3036652,219.8828378,221.5826,2.278934839,1.699762194,-25.41418187
-72.99624509,219.0761261,219.7131269,221.5826,2.506473901,1.869473084,-25.41422104
-72.99625133,219.0756531,219.7127741,221.5826,2.506946924,1.869825889,-25.41422112
-72.99625756,219.1154175,219.7424325,221.5826,2.46718252,1.840167454,-25.4142148
-72.99627005,218.8737488,219.562183,221.5826,2.708851221,2.02041699,-25.41425036
-72.99627627,219.1437073,219.7635326,221.5826,2.438892725,1.819067401,-25.41421019
-72.99630124,218.9759216,219.638389,221.5826,2.606678369,1.944210973,-25.41423615
-72.99631372,218.8983154,219.5805061,221.5826,2.68428457,2.002093858,-25.41424707
-72.99631371,219.0572357,219.6990375,221.5826,2.525364282,1.883562546,-25.41422402
-72.99631995,219.1266479,219.7508088,221.5826,2.455952051,1.831791165,-25.41421302
-72.99633243,219.2497559,219.8426293,221.5826,2.332844141,1.739970654,-25.4141919
-72.99633869,218.9660339,219.6310143,221.5826,2.616566064,1.951585748,-25.4142376
-72.99635116,219.3023529,219.8818591,221.5826,2.280247095,1.700740944,-25.41418219
-72.9963574,219.2922974,219.8743591,221.5826,2.290302637,1.708240909,-25.41418409
-72.99635742,219.0508881,219.694303,221.5826,2.531711938,1.88829697,-25.41422502
-72.99636366,219.094574,219.7268863,221.5826,2.488026025,1.855713662,-25.4142182
-72.99636991,219.0304413,219.6790527,221.5826,2.552158716,1.903547277,-25.41422814
-72.99636992,218.8725433,219.5612839,221.5826,2.710056665,2.021316073,-25.41425058
-72.99637614,219.3492584,219.9168437,221.5826,2.233341577,1.665756282,-25.41417315
-72.99637616,218.9578552,219.6249141,221.5826,2.624744775,1.95768587,-25.4142388
-72.99637617,218.8533325,219.5469555,221.5826,2.72926748,2.035644534,-25.41425314
-72.99638239,219.4001312,219.9547874,221.5826,2.182468774,1.627812605,-25.41416289
-72.99638241,218.9327545,219.6061927,221.5826,2.649845483,1.97640733,-25.41424235
-72.99638241,219.0469208,219.691344,221.5826,2.535679224,1.891255984,-25.41422564
-72.99638864,219.3117218,219.8888469,221.5826,2.270878198,1.693753116,-25.41418043
-72.99638865,219.1339417,219.7562489,221.5826,2.44865835,1.826351129,-25.41421187
-72.99640116,218.983551,219.6440794,221.5826,2.599048975,1.938520558,-25.41423511
-72.99640114,219.3297882,219.9023218,221.5826,2.252811792,1.680278216,-25.41417697
-72.99640114,219.3631897,219.9272344,221.5826,2.219410303,1.655365587,-25.4141704
-72.99640738,219.4309845,219.9777994,221.5826,2.151615503,1.604800573,-25.41415645
-72.99640741,218.9450226,219.6153429,221.5826,2.637577417,1.967257145,-25.41424064
-72.99641363,219.4700012,220.0069002,221.5826,2.112598779,1.575699799,-25.41414801
-72.99641365,219.1307068,219.7538361,221.5826,2.451893213,1.828763864,-25.41421241
-72.99641366,218.8854523,219.5709121,221.5826,2.697147729,2.011687893,-25.41424887
-72.9964199,219.0843811,219.7192839,221.5826,2.498218896,1.863316054,-25.41421985
-72.9964199,219.2035217,219.8081454,221.5826,2.379078271,1.774454558,-25.41420014
-72.99643241,219.1085663,219.7373226,221.5826,2.474033716,1.845277443,-25.41421601
-72.99643239,219.3670044,219.9300796,221.5826,2.215595605,1.652520379,-25.41416966
-72.99643862,219.7647705,220.226755,221.5826,1.817829492,1.355844986,-25.41407256
-72.99644487,219.8229523,220.2701501,221.5826,1.759647729,1.312449893,-25.41405468
-72.99644486,219.977478,220.3854037,221.5826,1.605121973,1.19719626,-25.41400089
-72.99644486,219.972702,220.3818415,221.5826,1.609897974,1.200758459,-25.41400271
-72.99645116,219.165741,219.7799665,221.5826,2.416859033,1.802633485,-25.41420662
-72.99645116,219.140213,219.7609264,221.5826,2.442386987,1.821673608,-25.41421087
-72.99645116,219.27388,219.8606224,221.5826,2.308719995,1.721977565,-25.41418757
-72.99645741,219.316391,219.8923294,221.5826,2.266209009,1.690270582,-25.41417958
-72.9964574,219.5013733,220.0302992,221.5826,2.081226709,1.552300818,-25.41414102
-72.99645739,219.5831757,220.0913118,221.5826,1.999424341,1.491288206,-25.41412169
-72.99646367,219.2459717,219.8398069,221.5826,2.33662832,1.742793097,-25.41419266
-72.99646366,219.3235321,219.8976556,221.5826,2.259067896,1.684944355,-25.41417821
-72.99646992,219.2636108,219.8529631,221.5826,2.31898916,1.729636861,-25.41418946
-72.99646988,220.0834808,220.4644663,221.5826,1.499119165,1.118133656,-25.41395759
-72.99646988,220.0049744,220.405912,221.5826,1.577625635,1.17668801,-25.41399023
-72.99647613,220.1292419,220.4985974,221.5826,1.453358057,1.084002557,-25.41393694
-72.99648241,219.745636,220.2124835,221.5826,1.836964014,1.370116542,-25.41407822
-72.99648241,219.7805176,220.2385,221.5826,1.802082422,1.344099972,-25.41406786
-72.99648239,220.0596771,220.4467123,221.5826,1.522922876,1.135887746,-25.41396785
-72.99649493,219.7338257,220.2036747,221.5826,1.848774316,1.378925302,-25.41408164
-72.99649492,219.9127197,220.3371035,221.5826,1.669880273,1.245496489,-25.41402467
-72.9964949,220.162735,220.5235784,221.5826,1.419865015,1.059021642,-25.41392099
-72.99650115,220.3552704,220.6671816,221.5826,1.227329614,0.915418369,-25.41381237
-72.99650119,219.685318,220.167495,221.5826,1.897282007,1.415104951,-25.41409524
-72.99650119,219.6483917,220.1399534,221.5826,1.934208276,1.442646552,-25.41410513
-72.99650745,219.7097931,220.1857499,221.5826,1.872806909,1.396850104,-25.41408847
-72.99650741,220.3331604,220.6506908,221.5826,1.2494396,0.931909187,-25.41382655
-72.99650744,219.8172913,220.2659278,221.5826,1.76530874,1.31667218,-25.4140565
-72.99651995,220.076767,220.4594588,221.5826,1.505833032,1.12314122,-25.41396054
-72.99651997,219.703186,220.180822,221.5826,1.879413965,1.401778002,-25.41409032
-72.9965262,220.1969757,220.5491169,221.5826,1.385624292,1.033483066,-25.41390389
-72.99652622,219.900528,220.3280102,221.5826,1.682072046,1.254589769,-25.41402895
-72.99652623,219.7008514,220.1790807,221.5826,1.88174856,1.403519269,-25.41409097
-72.99652622,219.8258362,220.2723011,221.5826,1.756763818,1.310298916,-25.4140538
-72.9965324,221.3455353,221.4057745,221.5826,0.237064722,0.176825471,-25.41046611
-72.99653875,219.6572571,220.1465657,221.5826,1.92534292,1.436034291,-25.41410281
-72.99653867,221.1415253,221.2536129,221.5826,0.441074731,0.328987125,-25.41238439
-72.99653867,221.0879974,221.2136889,221.5826,0.494602563,0.368911066,-25.41262563
-72.99653871,220.4775543,220.7583876,221.5826,1.105045679,0.824212423,-25.41372374
-72.99653867,221.0960846,221.2197208,221.5826,0.486515405,0.362879227,-25.41259258
-72.99654501,219.7931976,220.2479575,221.5826,1.789402368,1.334642505,-25.41406401
-72.99655128,219.5967102,220.1014066,221.5826,1.985889795,1.481193412,-25.41411838
-72.99655125,220.1179352,220.4901643,221.5826,1.464664819,1.092435749,-25.4139422
-72.99655127,219.8171082,220.2657913,221.5826,1.765491846,1.316808749,-25.41405658
-72.99655123,220.5639496,220.8228258,221.5826,1.018650415,0.759774181,-25.41364828
-72.99655748,220.8336639,221.0239933,221.5826,0.74893606,0.558606687,-25.41330069
-72.99655745,221.3568726,221.4142305,221.5826,0.225727441,0.168369517,-25.41025782
-72.99655752,220.0807495,220.4624292,221.5826,1.501850488,1.120170824,-25.41395882
-72.99656375,220.5987549,220.8487855,221.5826,0.983845117,0.733814515,-25.41361414
-72.99656374,220.8682098,221.0497595,221.5826,0.714390161,0.532840495,-25.41323721
-72.99656381,219.6193695,220.1183071,221.5826,1.963230493,1.464292884,-25.41411267
-72.99656372,221.2095795,221.3043714,221.5826,0.373020532,0.278228638,-25.41197772
-72.99656375,220.6939392,220.9197791,221.5826,0.888660791,0.662820918,-25.4135071
-72.99656373,221.0117645,221.1568303,221.5826,0.570835474,0.425769676,-25.4128911
-72.99656377,220.310791,220.6340065,221.5826,1.271808984,0.948593479,-25.41384041
-72.99656371,221.3048248,221.3754105,221.5826,0.277775171,0.207189517,-25.41107396
-72.99657,220.9555511,221.1149034,221.5826,0.627048853,0.467696642,-25.41304551
-72.99656997,221.4056854,221.4506377,221.5826,0.176914575,0.131962252,-25.40905605
-72.99656997,221.4564209,221.488479,221.5826,0.126179102,0.094121003,-25.40682146
-72.99657003,220.4204102,220.7157664,221.5826,1.162189844,0.866833619,-25.4137675
-72.99657627,220.9444885,221.1066523,221.5826,0.638111475,0.475947742,-25.4130727
-72.99657624,221.4598694,221.4910511,221.5826,0.122730615,0.091548936,-25.40660252
-72.99658252,221.0672913,221.1982452,221.5826,0.51530874,0.384354848,-25.41270552
-72.99658251,221.4083557,221.4526294,221.5826,0.174244287,0.129970607,-25.40897089
-72.99658259,219.893219,220.3225588,221.5826,1.689381006,1.260041185,-25.4140315
-72.99658878,221.252121,221.3361011,221.5826,0.330479028,0.246498893,-25.41163844
-72.99658877,221.3612061,221.4174626,221.5826,0.221393945,0.165137362,-25.41017258
-72.99659504,221.3809052,221.4321553,221.5826,0.201694849,0.150444714,-25.40973885
-72.99659507,220.7846527,220.9874381,221.5826,0.79794729,0.595161902,-25.41338134
-72.99659513,219.84552,220.2869824,221.5826,1.73707998,1.295617649,-25.41404749
-72.99660132,221.2445221,221.3304335,221.5826,0.338077905,0.252166544,-25.41170531
-72.99660136,220.4374542,220.7284788,221.5826,1.145145776,0.854121235,-25.41375492
-72.99660131,221.4241486,221.4644085,221.5826,0.15845144,0.118191451,-25.4084085
-72.99660138,220.1362915,220.5038554,221.5826,1.446308496,1.078744614,-25.4139337
-72.99660132,221.1182404,221.2362457,221.5826,0.464359644,0.346354267,-25.41249619
-72.99660131,221.3826447,221.4334527,221.5826,0.199955347,0.1491473,-25.40969644
-72.99660135,220.5750122,220.8310769,221.5826,1.007587793,0.751523082,-25.4136377
-72.99660757,221.4749146,221.5022726,221.5826,0.107685449,0.08032744,-25.40548329
-72.99660757,221.4949646,221.517227,221.5826,0.0876354,0.065373034,-25.4033944
-72.99660757,221.4862518,221.5107285,221.5826,0.096348169,0.071871486,-25.40440894
-72.99660759,221.1217651,221.2388747,221.5826,0.460834863,0.343725296,-25.41248
-72.99661387,220.9971161,221.1459047,221.5826,0.585483911,0.43669527,-25.41293422
-72.99662015,220.6568298,220.8921009,221.5826,0.925770166,0.690499088,-25.41355147
-72.99662011,221.37677,221.4290711,221.5826,0.20582998,0.153528918,-25.40983679
-72.99662011,221.5075989,221.5266503,221.5826,0.075001123,0.055949709,-25.4015045
-72.9966202,219.9118347,220.3364434,221.5826,1.670765283,1.246156576,-25.41402503
-72.99662012,221.3477325,221.4074134,221.5826,0.234867456,0.175186632,-25.41042735
-72.99662637,221.5594482,221.5653223,221.5826,0.023151758,0.01727766,-25.37214633
-72.99662637,221.6330261,221.6458532,221.5826,-0.050426123,-0.063253229,25.43742265
-72.9966264,221.0783691,221.2065076,221.5826,0.504230859,0.376092367,-25.41266362
-72.99662637,221.5519867,221.5597571,221.5826,0.030613306,0.022842884,-25.38249709
-72.99662638,221.5263977,221.5406715,221.5826,0.056202295,0.041928531,-25.39711974
-72.99663266,221.2082367,221.3033698,221.5826,0.374363306,0.27923015,-25.4119872
-72.99663266,221.2503815,221.3348037,221.5826,0.33221853,0.247796307,-25.41165404
-72.99663892,221.5373535,221.5488429,221.5826,0.045246484,0.033757097,-25.39288387
-72.99663892,221.4659576,221.495592,221.5826,0.116642358,0.087007986,-25.40618441
-72.99663893,221.3535614,221.4117608,221.5826,0.229038599,0.170839156,-25.41032082
-72.99663893,221.2438049,221.3298986,221.5826,0.338795068,0.252701443,-25.41171149
-72.99664519,221.5552673,221.562204,221.5826,0.027332666,0.020396006,-25.37864228
-72.9966452,221.2776184,221.3551185,221.5826,0.304981592,0.227481531,-25.41138974
-72.99665147,221.2892761,221.3638134,221.5826,0.293323877,0.218786579,-25.41126162
-72.99665772,221.7204895,221.755548,221.5826,-0.137889502,-0.172947982,25.42505367
-72.99665774,221.404541,221.4497842,221.5826,0.178058984,0.132815814,-25.40909181
-72.99665775,221.2897339,221.3641548,221.5826,0.292866113,0.218445154,-25.41125638
-72.99666401,221.5249634,221.5396017,221.5826,0.057636621,0.042998328,-25.3975551
-72.99667028,221.5732269,221.5755992,221.5826,0.009373071,0.007000773,-25.30971838
-72.99667029,221.2487488,221.3335859,221.5826,0.333851221,0.249014055,-25.41166852
-72.99667656,221.3639984,221.4195453,221.5826,0.218601587,0.16305467,-25.41011589
-72.99667658,221.085968,221.2121753,221.5826,0.496631982,0.370424715,-25.41263381
-72.99668284,221.3452454,221.4055583,221.5826,0.237354639,0.177041706,-25.41047124
-72.99669538,221.5331421,221.5457018,221.5826,0.04945791,0.036898205,-25.39473421
-72.99669537,221.675766,221.6994567,221.5826,-0.093165991,-0.116856684,25.42847692
-72.99672048,221.6165009,221.6251276,221.5826,-0.033900854,-0.042527581,25.44692812
-72.99672049,221.459198,221.4905503,221.5826,0.123402002,0.092049692,-25.40664617
-72.99674559,221.6638031,221.6844531,221.5826,-0.081203101,-0.101853075,25.43003178
-72.99675816,221.4656525,221.4953644,221.5826,0.116947534,0.087235602,-25.40620645
